queue,16
mutex,0.07074167999999999
ringbuffer,0.01541557
twolock,0.016961979999999998
